City_ID,City,Country,Date,Lat,Lng,Max Temp,Humidity,Cloudiness,Wind Speed,Current Description
0,Bad Freienwalde,DE,2021-11-01 01:38:07,52.7873,14.0304,53.76,75,100,12.97,overcast clouds
1,New Norfolk,AU,2021-11-01 01:38:07,-42.7826,147.0587,64.65,49,100,4.0,overcast clouds
2,Tasiilaq,GL,2021-11-01 01:38:08,65.6145,-37.6368,23.16,58,5,8.1,clear sky
3,Busselton,AU,2021-11-01 01:33:54,-33.65,115.3333,59.04,59,70,20.33,broken clouds
4,Salalah,OM,2021-11-01 01:38:08,17.0151,54.0924,71.69,60,0,3.44,clear sky
5,Cape Town,ZA,2021-11-01 01:33:25,-33.9258,18.4232,63.09,78,75,1.01,light rain
6,Rikitea,PF,2021-11-01 01:35:08,-23.1203,-134.9692,73.06,77,100,16.73,overcast clouds
7,Dana Point,US,2021-11-01 01:35:15,33.467,-117.6981,67.93,84,81,1.01,broken clouds
8,Saint-Georges,GD,2021-11-01 01:38:10,12.0564,-61.7485,80.28,78,40,5.75,scattered clouds
9,Wembley,AU,2021-11-01 01:38:10,-31.9333,115.8,65.03,52,75,19.57,broken clouds
10,East London,ZA,2021-11-01 01:38:11,-33.0153,27.9116,64.78,83,88,13.42,overcast clouds
11,Zhigansk,RU,2021-11-01 01:37:26,66.7697,123.3711,5.74,94,99,15.82,overcast clouds
12,Correntina,BR,2021-11-01 01:38:11,-13.3433,-44.6367,73.56,64,87,2.35,overcast clouds
13,Ilo,PE,2021-11-01 01:38:12,-17.6394,-71.3375,63.66,85,6,4.52,clear sky
14,Puerto Ayora,EC,2021-11-01 01:35:13,-0.7393,-90.3518,69.24,91,43,6.64,scattered clouds
15,Hermanus,ZA,2021-11-01 01:34:58,-34.4187,19.2345,61.81,81,100,10.47,overcast clouds
16,Yellowknife,CA,2021-11-01 01:37:54,62.456,-114.3525,32.56,99,90,14.97,overcast clouds
17,Hilo,US,2021-11-01 01:38:13,19.7297,-155.09,80.33,78,40,9.22,scattered clouds
18,Rocha,UY,2021-11-01 01:33:58,-34.4833,-54.3333,63.03,99,95,3.71,overcast clouds
19,Avarua,CK,2021-11-01 01:35:41,-21.2078,-159.775,77.05,69,75,17.27,broken clouds
20,Acari,PE,2021-11-01 01:38:14,-15.4311,-74.6158,69.26,67,53,3.09,broken clouds
21,Albany,US,2021-11-01 01:38:09,42.6001,-73.9662,55.36,78,100,11.1,overcast clouds
22,Cehegin,ES,2021-11-01 01:38:15,38.0924,-1.7985,71.24,67,100,12.55,overcast clouds
23,Iguatemi,BR,2021-11-01 01:38:15,-23.6803,-54.5611,71.15,93,0,4.81,clear sky
24,Saskylakh,RU,2021-11-01 01:33:17,71.9167,114.0833,3.87,97,99,6.4,overcast clouds
25,Butaritari,KI,2021-11-01 01:38:16,3.0707,172.7902,82.24,74,2,10.69,light rain
26,Hasaki,JP,2021-11-01 01:37:23,35.7333,140.8333,64.29,71,100,4.72,overcast clouds
27,Palafrugell,ES,2021-11-01 01:38:17,41.9174,3.1631,65.57,58,100,4.29,overcast clouds
28,Bodden Town,KY,2021-11-01 01:38:08,19.2833,-81.25,82.4,75,75,5.01,broken clouds
29,Arys,KZ,2021-11-01 01:38:18,42.4252,68.795,39.42,60,8,2.82,clear sky
30,Jamestown,US,2021-11-01 01:33:21,42.097,-79.2353,50.34,86,90,13.0,overcast clouds
31,Lavrentiya,RU,2021-11-01 01:36:29,65.5833,-171.0,13.21,78,100,10.31,overcast clouds
32,Nikolskoye,RU,2021-11-01 01:38:18,59.7035,30.7861,47.39,91,99,6.04,overcast clouds
33,Hofn,IS,2021-11-01 01:38:19,64.2539,-15.2082,39.6,60,99,29.48,overcast clouds
34,Prestea,GH,2021-11-01 01:38:20,5.4327,-2.1428,74.14,95,100,5.64,overcast clouds
35,Vrises,GR,2021-11-01 01:38:20,35.492,23.8899,65.19,85,87,7.4,overcast clouds
36,Qaanaaq,GL,2021-11-01 01:38:21,77.484,-69.3632,17.11,74,100,9.13,overcast clouds
37,Mataura,NZ,2021-11-01 01:38:21,-46.1927,168.8643,60.89,52,100,10.8,overcast clouds
38,Sulya,IN,2021-11-01 01:38:22,12.5667,75.3833,75.24,92,79,2.35,broken clouds
39,Sao Filipe,CV,2021-11-01 01:38:22,14.8961,-24.4956,79.56,76,99,7.63,overcast clouds
40,Campbell River,CA,2021-11-01 01:38:23,50.0163,-125.2446,44.13,88,1,0.0,clear sky
41,Ribeira Grande,PT,2021-11-01 01:38:23,38.5167,-28.7,71.24,87,100,7.47,overcast clouds
42,Cidreira,BR,2021-11-01 01:38:24,-30.1811,-50.2056,67.77,88,9,21.0,clear sky
43,Bathsheba,BB,2021-11-01 01:38:24,13.2167,-59.5167,75.81,88,75,17.27,broken clouds
44,Mar Del Plata,AR,2021-11-01 01:36:26,-38.0023,-57.5575,55.09,91,90,3.0,light rain
45,Quthing,LS,2021-11-01 01:38:25,-30.4,27.7003,58.33,40,6,3.22,clear sky
46,Necochea,AR,2021-11-01 01:38:25,-38.5473,-58.7368,51.04,80,100,7.63,overcast clouds
47,Kaitangata,NZ,2021-11-01 01:38:26,-46.2817,169.8464,62.96,48,92,11.01,overcast clouds
48,Bethel,US,2021-11-01 01:35:12,41.3712,-73.414,56.8,86,1,1.01,clear sky
49,Hobart,AU,2021-11-01 01:39:27,-42.8794,147.3294,64.02,54,75,4.0,broken clouds
50,Saint-Philippe,RE,2021-11-01 01:39:27,-21.3585,55.7679,68.22,85,66,10.18,broken clouds
51,Kirakira,SB,2021-11-01 01:39:28,-10.4544,161.9205,86.68,63,93,15.03,overcast clouds
52,Comodoro Rivadavia,AR,2021-11-01 01:39:28,-45.8667,-67.5,48.06,71,0,8.05,clear sky
53,Dimitrovgrad,RU,2021-11-01 01:39:29,54.2139,49.6184,37.45,78,16,8.72,few clouds
54,Moyale,KE,2021-11-01 01:39:30,3.5167,39.0584,68.0,57,8,9.13,clear sky
55,The Valley,AI,2021-11-01 01:38:24,18.217,-63.0578,82.09,70,1,13.42,clear sky
56,Bluff,NZ,2021-11-01 01:36:14,-46.6,168.3333,54.66,73,100,29.08,overcast clouds
57,Port Alfred,ZA,2021-11-01 01:39:31,-33.5906,26.891,66.34,79,91,14.34,overcast clouds
58,Srednekolymsk,RU,2021-11-01 01:39:32,67.45,153.6833,-3.77,95,35,4.56,scattered clouds
59,Leningradskiy,RU,2021-11-01 01:37:22,69.3833,178.4167,-2.04,87,99,12.48,overcast clouds
60,Isangel,VU,2021-11-01 01:39:32,-19.55,169.2667,82.51,61,75,9.22,broken clouds
61,Kapaa,US,2021-11-01 01:35:33,22.0752,-159.319,82.38,78,90,1.99,light rain
62,Kodiak,US,2021-11-01 01:39:33,57.79,-152.4072,42.42,90,100,6.96,overcast clouds
63,Staraya Poltavka,RU,2021-11-01 01:39:34,50.4772,46.4814,41.76,67,0,6.89,clear sky
64,Saint George,US,2021-11-01 01:39:35,37.1041,-113.5841,72.25,37,1,1.01,clear sky
65,Hithadhoo,MV,2021-11-01 01:39:36,-0.6,73.0833,81.64,77,99,19.77,overcast clouds
66,Carnarvon,AU,2021-11-01 01:39:36,-24.8667,113.6333,71.67,60,75,18.41,broken clouds
67,Vanimo,PG,2021-11-01 01:36:32,-2.6741,141.3028,82.18,80,97,3.13,overcast clouds
68,Mangrol,IN,2021-11-01 01:39:37,21.1167,70.1167,74.28,41,7,7.92,clear sky
69,Ushuaia,AR,2021-11-01 01:38:27,-54.8,-68.3,46.06,76,0,9.22,clear sky
70,Teknaf,BD,2021-11-01 01:39:38,20.8624,92.3058,78.42,80,90,4.23,overcast clouds
71,Mahebourg,MU,2021-11-01 01:39:38,-20.4081,57.7,70.25,88,40,3.44,scattered clouds
72,Prainha,BR,2021-11-01 01:39:39,-1.8,-53.48,78.48,75,90,3.44,overcast clouds
73,Vila Velha,BR,2021-11-01 01:39:39,-20.3297,-40.2925,69.75,100,90,2.3,overcast clouds
74,Victoria,HK,2021-11-01 01:35:28,22.2855,114.1577,80.04,76,38,4.0,scattered clouds
75,Punta Arenas,CL,2021-11-01 01:39:40,-53.15,-70.9167,50.11,53,0,8.05,clear sky
76,Marzuq,YE,2021-11-01 01:39:41,14.4,46.4667,65.37,58,5,3.6,clear sky
77,Thompson,CA,2021-11-01 01:39:42,55.7435,-97.8558,30.36,80,75,10.36,light shower snow
78,Nouakchott,MR,2021-11-01 01:39:43,18.0858,-15.9785,82.33,50,100,15.61,overcast clouds
79,Dunedin,NZ,2021-11-01 01:39:43,-45.8742,170.5036,62.8,50,34,8.01,scattered clouds
80,Natal,BR,2021-11-01 01:37:44,-5.795,-35.2094,81.25,78,40,11.5,scattered clouds
81,Muriwai Beach,NZ,2021-11-01 01:39:44,-36.8167,174.45,65.43,58,39,12.44,scattered clouds
82,Viedma,AR,2021-11-01 01:39:08,-40.8135,-62.9967,49.05,77,100,6.64,overcast clouds
83,Bubaque,GW,2021-11-01 01:39:45,11.2833,-15.8333,82.87,75,88,10.74,overcast clouds
84,Dikson,RU,2021-11-01 01:39:45,73.5069,80.5464,5.72,93,97,11.12,overcast clouds
85,Jamsa,FI,2021-11-01 01:39:46,61.8642,25.19,46.35,92,72,5.68,broken clouds
86,Arraial Do Cabo,BR,2021-11-01 01:37:38,-22.9661,-42.0278,69.93,95,100,22.66,light rain
87,Barrow,US,2021-11-01 01:39:47,71.2906,-156.7887,24.82,80,1,14.97,clear sky
88,Sena Madureira,BR,2021-11-01 01:39:47,-9.0656,-68.6569,78.66,71,91,3.0,overcast clouds
89,Kampot,KH,2021-11-01 01:39:48,10.6167,104.1833,84.25,79,40,5.23,scattered clouds
90,Inuvik,CA,2021-11-01 01:39:48,68.3499,-133.7218,34.56,67,75,9.22,broken clouds
91,Gobabis,NA,2021-11-01 01:40:49,-22.45,18.9667,62.91,16,0,11.25,clear sky
92,Chumikan,RU,2021-11-01 01:40:49,54.7183,135.315,32.38,43,23,18.03,few clouds
93,Port Pirie,AU,2021-11-01 01:40:50,-33.1833,138.0167,77.09,17,17,11.7,few clouds
94,Haicheng,CN,2021-11-01 01:40:50,40.8516,122.7475,41.05,42,0,9.78,clear sky
95,Belaya Gora,RU,2021-11-01 01:40:51,68.5333,146.4167,-4.41,98,79,2.75,broken clouds
96,Man,CI,2021-11-01 01:40:52,7.4125,-7.5538,69.33,99,99,2.1,light rain
97,Longyearbyen,SJ,2021-11-01 01:36:16,78.2186,15.6401,33.64,69,40,20.71,scattered clouds
98,Pochutla,MX,2021-11-01 01:40:52,15.7432,-96.4661,76.82,92,66,3.36,broken clouds
99,Verkhnyaya Inta,RU,2021-11-01 01:40:53,65.9811,60.3094,2.75,89,5,6.85,clear sky
100,Hamilton,US,2021-11-01 01:40:07,39.1834,-84.5333,58.05,75,90,3.0,overcast clouds
101,Road Town,VG,2021-11-01 01:36:17,18.4167,-64.6167,80.69,67,5,12.75,clear sky
102,Castro,BR,2021-11-01 01:40:54,-24.7911,-50.0119,58.73,98,98,6.85,overcast clouds
103,Coolum Beach,AU,2021-11-01 01:40:55,-26.5333,153.1,75.11,58,84,4.0,broken clouds
104,Grosseto,IT,2021-11-01 01:40:55,42.8333,11.25,62.67,77,40,5.75,scattered clouds
105,Dong Hoi,VN,2021-11-01 01:37:55,17.4833,106.6,78.46,84,86,5.79,overcast clouds
106,Lebu,CL,2021-11-01 01:36:23,-37.6167,-73.65,50.4,94,50,5.41,scattered clouds
107,San Quintin,MX,2021-11-01 01:40:56,30.4833,-115.95,62.55,84,0,7.74,clear sky
108,Padang,ID,2021-11-01 01:37:10,-0.9492,100.3543,80.65,84,100,2.57,overcast clouds
109,Ostrovnoy,RU,2021-11-01 01:40:57,68.0531,39.5131,31.73,88,99,15.01,overcast clouds
110,Huambo,AO,2021-11-01 01:40:57,-12.7761,15.7392,60.08,88,100,3.62,overcast clouds
111,Lagoa,PT,2021-11-01 01:40:58,39.05,-27.9833,68.09,92,100,10.36,overcast clouds
112,Tiksi,RU,2021-11-01 01:40:58,71.6872,128.8694,10.33,84,100,10.63,overcast clouds
113,Kununurra,AU,2021-11-01 01:40:59,-15.7667,128.7333,85.98,62,52,5.75,broken clouds
114,Aleksandrovsk-Sakhalinskiy,RU,2021-11-01 01:40:59,50.8975,142.1561,32.65,52,16,1.92,few clouds
115,Mendi,PG,2021-11-01 01:41:00,-6.1761,143.6513,66.87,79,100,3.83,overcast clouds
116,Port Elizabeth,ZA,2021-11-01 01:41:00,-33.918,25.5701,63.1,100,75,17.27,mist
117,Aklavik,CA,2021-11-01 01:41:01,68.2191,-135.0107,34.52,88,100,8.68,overcast clouds
118,Dzaoudzi,YT,2021-11-01 01:41:02,-12.7887,45.2699,78.69,78,20,12.66,few clouds
119,Coquimbo,CL,2021-11-01 01:41:02,-29.9533,-71.3436,56.93,88,75,6.91,broken clouds
120,Harrisonville,US,2021-11-01 01:41:03,38.6533,-94.3488,48.58,65,1,3.44,clear sky
121,Codrington,AU,2021-11-01 01:41:04,-38.2667,141.9667,64.54,62,0,7.47,clear sky
122,Pisco,PE,2021-11-01 01:41:04,-13.7,-76.2167,62.65,82,0,16.11,clear sky
123,Mabaruma,GY,2021-11-01 01:36:58,8.2,-59.7833,73.53,95,95,1.45,overcast clouds
124,Baniachang,BD,2021-11-01 01:41:05,24.5167,91.3667,73.08,61,0,2.55,clear sky
125,Warangal,IN,2021-11-01 01:40:26,18.0,79.5833,69.46,66,100,5.55,overcast clouds
126,Juan Aldama,MX,2021-11-01 01:41:05,24.2908,-103.3944,63.57,32,38,6.2,scattered clouds
127,Eyl,SO,2021-11-01 01:41:06,7.9803,49.8164,76.8,81,20,11.34,few clouds
128,Lincoln,US,2021-11-01 01:36:44,40.8,-96.667,45.28,58,90,3.44,overcast clouds
129,Marystown,CA,2021-11-01 01:41:07,47.1666,-55.1483,47.86,100,100,5.01,overcast clouds
130,Atar,MR,2021-11-01 01:41:07,20.5169,-13.0499,80.2,20,0,5.91,clear sky
131,Saint-Leu,RE,2021-11-01 01:41:08,-21.15,55.2833,67.68,76,4,3.11,clear sky
132,Kurchum,KZ,2021-11-01 01:41:08,48.5722,83.6542,35.58,76,100,3.4,overcast clouds
133,Meadow Lake,US,2021-11-01 01:41:09,34.8014,-106.5436,64.47,32,91,12.21,overcast clouds
134,Smolenka,RU,2021-11-01 01:41:10,52.1352,113.4974,19.47,79,98,2.24,overcast clouds
135,San Patricio,US,2021-11-01 01:41:10,28.017,-97.5169,75.83,60,0,8.57,clear sky
136,Campbellton,CA,2021-11-01 01:42:11,48.0075,-66.6727,52.25,98,100,6.76,overcast clouds
137,Bredasdorp,ZA,2021-11-01 01:42:11,-34.5322,20.0403,61.29,72,100,10.13,overcast clouds
138,Ponta Do Sol,PT,2021-11-01 01:42:12,32.6667,-17.1,72.23,75,52,1.48,broken clouds
139,Cayenne,GF,2021-11-01 01:42:12,4.9333,-52.3333,82.09,82,56,4.0,broken clouds
140,Kananga,CD,2021-11-01 01:42:13,-5.8958,22.4178,67.33,98,100,2.19,moderate rain
141,Talnakh,RU,2021-11-01 01:42:13,69.4865,88.3972,-13.7,98,85,4.41,overcast clouds
142,Atuona,PF,2021-11-01 01:42:14,-9.8,-139.0333,78.73,73,0,17.58,clear sky
143,Chokurdakh,RU,2021-11-01 01:42:15,70.6333,147.9167,-9.38,99,89,6.73,overcast clouds
144,Katsuura,JP,2021-11-01 01:42:15,35.1333,140.3,69.19,79,100,7.7,overcast clouds
145,Khatanga,RU,2021-11-01 01:42:16,71.9667,102.5,5.41,96,100,11.97,light snow
146,Marienburg,PL,2021-11-01 01:42:17,54.0359,19.0266,49.95,78,42,12.3,scattered clouds
147,Bongandanga,CD,2021-11-01 01:42:17,1.5,21.05,69.64,99,100,1.72,overcast clouds
148,Krabi,TH,2021-11-01 01:42:18,8.0726,98.9105,82.98,94,40,4.61,scattered clouds
149,Vardo,NO,2021-11-01 01:42:18,70.3705,31.1107,37.67,75,97,21.61,overcast clouds
150,Mandalgovi,MN,2021-11-01 01:42:19,45.7625,106.2708,36.0,46,100,17.65,overcast clouds
151,Bengkulu,ID,2021-11-01 01:42:19,-3.8004,102.2655,80.38,77,100,2.57,overcast clouds
152,Cabo San Lucas,MX,2021-11-01 01:39:51,22.8909,-109.9124,81.7,77,75,5.01,broken clouds
153,Carmarthen,GB,2021-11-01 01:42:20,51.8555,-4.3054,52.5,82,75,34.52,light rain
154,Belmonte,BR,2021-11-01 01:42:20,-15.8631,-38.8828,77.5,86,27,7.94,scattered clouds
155,Tessalit,ML,2021-11-01 01:39:25,20.1986,1.0114,80.29,15,2,9.98,clear sky
156,Langsa,ID,2021-11-01 01:42:21,4.4683,97.9683,81.64,73,100,0.63,overcast clouds
157,Komsomolskiy,UZ,2021-11-01 01:40:06,40.4272,71.7189,42.22,70,6,4.61,clear sky
158,Ewa Beach,US,2021-11-01 01:42:22,21.3156,-158.0072,83.57,62,20,10.0,few clouds
159,Sitka,US,2021-11-01 01:42:22,57.0531,-135.33,51.69,37,75,10.36,broken clouds
160,Olinda,BR,2021-11-01 01:42:23,-8.0089,-34.8553,80.33,74,40,6.91,scattered clouds
161,Geraldton,AU,2021-11-01 01:42:24,-28.7667,114.6,68.41,56,75,17.27,broken clouds
162,La Rioja,ES,2021-11-01 01:42:05,42.25,-2.5,50.49,86,100,8.39,light rain
163,Awbari,LY,2021-11-01 01:42:24,26.5921,12.7805,66.0,30,0,2.73,clear sky
164,Cao Bang,VN,2021-11-01 01:42:10,22.6667,106.25,65.98,98,100,0.6,overcast clouds
165,Idlib,SY,2021-11-01 01:42:25,35.9306,36.6339,56.59,72,21,5.84,few clouds
166,Broome,US,2021-11-01 01:38:58,42.2506,-75.833,52.86,78,40,7.0,scattered clouds
167,Matagami,CA,2021-11-01 01:42:26,49.7502,-77.6328,39.31,100,90,11.5,overcast clouds
168,Nanortalik,GL,2021-11-01 01:42:26,60.1432,-45.2371,33.69,68,79,9.98,broken clouds
169,Akdepe,TM,2021-11-01 01:38:59,42.0551,59.3788,33.89,43,0,6.96,clear sky
170,Torbay,CA,2021-11-01 01:42:27,47.6666,-52.7314,45.57,93,75,18.41,broken clouds
171,Labuan,MY,2021-11-01 01:42:28,5.2767,115.2417,84.56,70,20,3.0,few clouds
172,Ilhabela,BR,2021-11-01 01:42:28,-23.7781,-45.3581,69.64,97,100,8.14,light rain
173,Coruripe,BR,2021-11-01 01:42:29,-10.1256,-36.1756,76.33,79,100,9.42,overcast clouds
174,Upernavik,GL,2021-11-01 01:42:29,72.7868,-56.1549,28.96,77,100,11.59,overcast clouds
175,Saldanha,ZA,2021-11-01 01:42:30,-33.0117,17.9442,62.65,76,100,11.72,light rain
176,Mut,TR,2021-11-01 01:42:31,36.6439,33.4389,61.38,68,100,3.42,overcast clouds
177,Koygorodok,RU,2021-11-01 01:42:31,60.445,50.9968,38.1,98,100,4.72,overcast clouds
178,Tokonou,GN,2021-11-01 01:43:32,9.65,-9.7833,68.54,91,97,2.04,light rain
179,Faanui,PF,2021-11-01 01:43:32,-16.4833,-151.75,78.8,75,72,16.84,light rain
180,Kavieng,PG,2021-11-01 01:43:33,-2.5744,150.7967,85.89,65,64,13.78,broken clouds
181,Hammerfest,NO,2021-11-01 01:43:33,70.6634,23.6821,37.85,75,84,6.91,broken clouds
182,Ngunguru,NZ,2021-11-01 01:43:34,-35.6167,174.5,68.16,57,84,8.66,broken clouds
183,Pokhara,NP,2021-11-01 01:43:34,28.2333,83.9833,60.91,77,89,0.98,overcast clouds
184,Kahului,US,2021-11-01 01:43:35,20.8947,-156.47,85.26,67,40,10.36,scattered clouds
185,Krasnovishersk,RU,2021-11-01 01:43:35,60.4078,57.082,36.05,98,100,5.57,overcast clouds
186,Bonavista,CA,2021-11-01 01:43:35,48.6499,-53.1147,46.11,91,75,14.23,broken clouds
187,Kamiiso,JP,2021-11-01 01:43:36,41.8167,140.65,57.58,58,75,4.61,broken clouds
188,Zhigalovo,RU,2021-11-01 01:43:36,54.8097,105.1578,31.91,77,88,2.57,overcast clouds
189,Turangi,NZ,2021-11-01 01:43:37,-39.0,175.9333,62.91,42,11,5.7,few clouds
190,Cukai,MY,2021-11-01 01:43:37,4.25,103.4167,82.35,77,100,4.68,overcast clouds
191,Axim,GH,2021-11-01 01:43:38,4.8699,-2.2405,77.76,86,100,10.2,light rain
192,Marshfield,US,2021-11-01 01:43:38,44.6689,-90.1718,42.53,65,75,8.05,broken clouds
193,Mizdah,LY,2021-11-01 01:43:39,31.4451,12.9801,65.77,35,4,10.94,clear sky
194,Abu Dhabi,AE,2021-11-01 01:41:48,24.4667,54.3667,80.62,89,0,1.14,clear sky
195,Ayr,GB,2021-11-01 01:43:39,55.4627,-4.6339,47.1,93,75,8.05,broken clouds
196,Cairns,AU,2021-11-01 01:43:40,-16.9167,145.7667,94.06,59,40,17.27,scattered clouds
197,Andenes,NO,2021-11-01 01:43:40,69.3143,16.1194,42.78,87,100,10.36,overcast clouds
198,Maragogi,BR,2021-11-01 01:43:41,-9.0122,-35.2225,76.57,83,56,7.4,broken clouds
199,Unity,CA,2021-11-01 01:43:41,52.4501,-109.1682,27.0,53,0,6.26,clear sky
200,Orlik,RU,2021-11-01 01:43:42,52.5178,99.825,27.55,86,100,2.71,light snow
201,Ostersund,SE,2021-11-01 01:43:42,63.1792,14.6357,39.65,93,100,8.05,overcast clouds
202,Lompoc,US,2021-11-01 01:40:44,34.6391,-120.4579,62.74,81,1,8.05,clear sky
203,Vaini,TO,2021-11-01 01:43:43,-21.2,-175.2,80.76,83,40,11.5,light rain
204,Severo-Kurilsk,RU,2021-11-01 01:43:43,50.6789,156.125,35.98,64,79,25.41,light rain
205,Egvekinot,RU,2021-11-01 01:43:44,66.3167,-179.1667,-1.62,84,87,6.85,overcast clouds
206,Mahon,ES,2021-11-01 01:43:44,39.8885,4.2658,72.16,83,0,11.5,clear sky
207,Ancud,CL,2021-11-01 01:43:45,-41.8697,-73.8203,58.53,87,0,7.67,clear sky
208,Jensen Beach,US,2021-11-01 01:43:45,27.2545,-80.2298,73.45,82,98,1.01,overcast clouds
209,Odweyne,SO,2021-11-01 01:39:33,9.4092,45.064,70.38,51,73,10.83,broken clouds
210,Griffith,US,2021-11-01 01:43:46,41.5284,-87.4237,48.11,65,1,1.01,clear sky
211,Chapais,CA,2021-11-01 01:43:47,49.7834,-74.8492,40.78,99,100,3.47,overcast clouds
212,Hundested,DK,2021-11-01 01:43:47,55.9667,11.8667,57.04,89,100,1.01,overcast clouds
213,Askiz,RU,2021-11-01 01:43:48,53.1319,90.5264,30.63,64,98,22.28,overcast clouds
214,Naze,JP,2021-11-01 01:43:48,28.3667,129.4833,67.12,75,20,14.97,few clouds
215,Opuwo,NA,2021-11-01 01:43:49,-18.0607,13.84,64.53,21,0,4.94,clear sky
216,Iwanai,JP,2021-11-01 01:43:49,42.9744,140.5089,51.96,75,97,5.46,overcast clouds
217,Teya,RU,2021-11-01 01:43:50,60.3778,92.6267,21.52,93,100,5.14,light snow
218,Lukaya,UG,2021-11-01 01:43:50,-0.1489,31.8748,69.85,89,99,2.86,overcast clouds
219,La Palma,US,2021-11-01 01:43:51,33.8464,-118.0467,68.81,80,1,3.0,clear sky
220,Matara,LK,2021-11-01 01:43:51,5.9485,80.5353,79.2,87,100,7.74,overcast clouds
221,Georgetown,MY,2021-11-01 01:43:41,5.4112,100.3354,83.89,85,20,5.01,few clouds
222,Banda Aceh,ID,2021-11-01 01:43:52,5.5577,95.3222,81.95,73,93,4.76,overcast clouds
223,Thinadhoo,MV,2021-11-01 01:43:53,0.5333,72.9333,82.85,75,100,20.87,light rain
224,Airai,TL,2021-11-01 01:43:53,-8.9266,125.4092,76.42,43,60,2.3,broken clouds
225,Ikungi,TZ,2021-11-01 01:43:54,-5.1333,34.7667,66.9,63,86,6.46,overcast clouds
226,Siderno,IT,2021-11-01 01:44:54,38.2779,16.302,65.57,93,100,4.32,overcast clouds
227,Sobolevo,RU,2021-11-01 01:44:55,54.4299,31.8996,36.77,84,0,7.34,clear sky
228,Bamiantong,CN,2021-11-01 01:44:56,44.9333,130.5333,42.94,51,98,4.52,overcast clouds
229,Kannad,IN,2021-11-01 01:44:56,20.2667,75.1333,67.12,49,44,3.38,scattered clouds
230,Hurricane,US,2021-11-01 01:44:56,37.1753,-113.2899,70.27,36,97,3.69,overcast clouds
231,Alofi,NU,2021-11-01 01:44:57,-19.0595,-169.9187,82.29,61,27,16.11,scattered clouds
232,Zigong,CN,2021-11-01 01:44:58,29.3416,104.7769,58.48,92,100,3.56,light rain
233,Bima,ID,2021-11-01 01:44:58,-8.4667,118.7167,90.61,56,27,4.65,scattered clouds
234,Sao Joao Da Barra,BR,2021-11-01 01:41:14,-21.6403,-41.0511,70.56,93,100,18.34,overcast clouds
235,Algarrobo,CO,2021-11-01 01:44:59,10.1869,-74.5753,73.94,91,100,1.14,overcast clouds
236,Jibuti,DJ,2021-11-01 01:44:59,11.5,42.5,74.12,73,65,13.56,broken clouds
237,Skibotn,NO,2021-11-01 01:45:00,69.3913,20.2679,42.89,96,100,15.32,overcast clouds
238,Luderitz,NA,2021-11-01 01:45:01,-26.6481,15.1594,61.45,69,100,6.98,overcast clouds
239,Chota,PE,2021-11-01 01:45:02,-6.55,-78.65,55.4,95,100,2.91,light rain
240,Christchurch,NZ,2021-11-01 01:42:37,-43.5333,172.6333,62.33,59,24,4.0,few clouds
241,Sola,VU,2021-11-01 01:45:04,-13.8833,167.55,80.91,74,16,14.0,few clouds
242,Bethanien,NA,2021-11-01 01:45:04,-26.502,17.1583,58.35,38,14,5.55,few clouds
243,Kamenka,RU,2021-11-01 01:45:05,51.3223,42.7678,39.22,66,0,5.39,clear sky
244,Camacha,PT,2021-11-01 01:45:06,33.0833,-16.3333,68.76,88,20,8.05,few clouds
245,Pokrovsk,UA,2021-11-01 01:45:07,48.282,37.1758,39.88,92,0,8.03,clear sky
246,Naantali,FI,2021-11-01 01:45:08,60.4674,22.0243,48.07,100,90,5.75,mist
247,Abu Samrah,SY,2021-11-01 01:45:08,35.3029,37.1841,65.25,60,4,7.96,clear sky
248,Sorland,NO,2021-11-01 01:45:09,67.667,12.6934,47.41,88,59,19.82,broken clouds
249,Savannah Bight,HN,2021-11-01 01:45:09,16.45,-85.85,79.0,59,79,10.29,broken clouds
250,Sishui,CN,2021-11-01 01:45:10,35.6489,117.2758,57.25,58,3,10.49,clear sky
251,Touros,BR,2021-11-01 01:45:10,-5.1989,-35.4608,81.5,78,44,14.07,scattered clouds
252,Faya,SA,2021-11-01 01:45:11,18.3851,42.4509,54.12,55,8,6.51,clear sky
253,Kamina,CD,2021-11-01 01:45:11,-8.7386,24.9906,63.45,96,100,2.68,overcast clouds
254,Coihaique,CL,2021-11-01 01:45:12,-45.5752,-72.0662,53.55,54,0,0.0,clear sky
255,Mecca,SA,2021-11-01 01:45:13,21.4267,39.8261,77.61,61,0,0.58,clear sky
256,Kalangala,UG,2021-11-01 01:45:13,-0.3089,32.225,69.15,66,98,2.13,overcast clouds
257,Stonewall,CA,2021-11-01 01:45:14,50.1344,-97.3268,35.71,81,84,14.45,broken clouds
258,Bar Harbor,US,2021-11-01 01:45:14,44.3876,-68.2039,56.14,91,1,5.75,clear sky
259,Flinders,AU,2021-11-01 01:45:15,-34.5833,150.8552,76.17,60,100,4.0,overcast clouds
260,Dwarka,IN,2021-11-01 01:45:15,22.2394,68.9678,78.6,56,2,5.35,clear sky
261,San Carlos De Bariloche,AR,2021-11-01 01:40:27,-41.1456,-71.3082,55.15,35,75,4.61,broken clouds
262,Aykhal,RU,2021-11-01 01:42:21,66.0,111.5,3.72,95,100,20.74,overcast clouds
263,Martapura,ID,2021-11-01 01:45:16,-3.4167,114.85,80.69,89,40,4.61,scattered clouds
264,Cap Malheureux,MU,2021-11-01 01:45:17,-19.9842,57.6142,70.47,82,0,4.0,clear sky
265,Chamba,IN,2021-11-01 01:45:17,32.5667,76.1333,56.68,46,30,7.78,scattered clouds
266,Souillac,MU,2021-11-01 01:45:18,-20.5167,57.5167,70.36,88,40,3.44,scattered clouds
267,Barra Patuca,HN,2021-11-01 01:45:18,15.8,-84.2833,80.1,71,96,9.86,overcast clouds
268,Beringovskiy,RU,2021-11-01 01:45:19,63.05,179.3167,6.35,89,77,12.62,broken clouds
269,Alugan,PH,2021-11-01 01:45:19,12.2188,125.4808,82.4,79,58,14.67,broken clouds
270,Salinopolis,BR,2021-11-01 01:41:17,-0.6136,-47.3561,79.43,85,70,10.65,broken clouds
271,Caravelas,BR,2021-11-01 01:46:20,-17.7125,-39.2481,74.95,81,67,7.67,broken clouds
272,Alice Springs,AU,2021-11-01 01:46:21,-23.7,133.8833,76.55,50,40,5.75,scattered clouds
273,Saint-Francois,FR,2021-11-01 01:46:21,46.4154,3.9054,52.48,93,100,3.44,moderate rain
274,Orangeburg,US,2021-11-01 01:44:05,33.4918,-80.8557,58.82,89,1,0.0,clear sky
275,Avera,US,2021-11-01 01:44:38,33.194,-82.5271,58.71,78,0,6.91,clear sky
276,Los Llanos De Aridane,ES,2021-11-01 01:46:22,28.6585,-17.9182,68.13,37,20,10.0,few clouds
277,Fortuna,US,2021-11-01 01:46:23,40.5982,-124.1573,62.47,68,90,4.0,overcast clouds
278,Plouzane,FR,2021-11-01 01:46:23,48.3833,-4.6167,51.89,84,75,20.71,light rain
279,Terrace,CA,2021-11-01 01:45:10,54.5163,-128.6035,42.71,56,20,21.85,few clouds
280,Nome,US,2021-11-01 01:46:24,64.5011,-165.4064,24.87,68,1,6.91,clear sky
281,Ayan,RU,2021-11-01 01:46:25,56.45,138.1667,26.58,36,53,2.98,broken clouds
282,Klaksvik,FO,2021-11-01 01:46:25,62.2266,-6.589,41.92,66,100,12.68,overcast clouds
283,Lebowakgomo,ZA,2021-11-01 01:46:26,-24.2,29.5,58.1,77,0,5.03,clear sky
284,Clyde River,CA,2021-11-01 01:46:26,70.4692,-68.5914,20.21,86,100,7.09,overcast clouds
285,Baie-Comeau,CA,2021-11-01 01:45:44,49.2168,-68.1489,52.11,93,90,17.27,overcast clouds
286,Mariinsk,RU,2021-11-01 01:46:27,56.2139,87.7472,21.43,81,100,12.21,overcast clouds
287,Port Blair,IN,2021-11-01 01:46:28,11.6667,92.75,82.99,75,64,6.08,broken clouds
288,Sechura,PE,2021-11-01 01:46:28,-5.5569,-80.8222,66.76,71,28,13.15,scattered clouds
289,Itaituba,BR,2021-11-01 01:46:29,-4.2761,-55.9836,75.63,88,43,2.46,scattered clouds
290,Kushiro,JP,2021-11-01 01:46:30,42.975,144.3747,54.55,58,20,16.11,few clouds
291,Funadhoo,MV,2021-11-01 01:46:30,6.15,73.2667,81.7,76,100,14.34,overcast clouds
292,Adrar,MR,2021-11-01 01:43:03,20.5022,-10.0711,82.11,23,62,7.74,broken clouds
293,Kuryk,KZ,2021-11-01 01:46:31,43.2,51.65,51.82,48,100,14.2,overcast clouds
294,Laguna,US,2021-11-01 01:46:31,38.421,-121.4238,64.22,71,1,0.0,clear sky
295,Chuy,UY,2021-11-01 01:46:32,-33.6971,-53.4616,63.41,97,90,6.78,overcast clouds
296,Dingzhou,CN,2021-11-01 01:46:32,38.5131,114.9956,50.11,75,2,3.53,clear sky
297,Anadyr,RU,2021-11-01 01:46:33,64.75,177.4833,-7.01,76,68,8.01,broken clouds
298,Sokoni,TZ,2021-11-01 01:46:33,-6.4333,39.55,79.34,80,7,11.79,clear sky
299,Sinnamary,GF,2021-11-01 01:46:34,5.3833,-52.95,78.6,85,58,8.21,broken clouds
300,Chabahar,IR,2021-11-01 01:46:35,25.2919,60.643,80.6,45,0,1.12,clear sky
301,Hauterive,FR,2021-11-01 01:46:35,46.0901,3.4459,54.36,93,100,3.87,overcast clouds
302,Namatanai,PG,2021-11-01 01:46:36,-3.6667,152.4333,85.46,68,71,10.78,broken clouds
303,Omaruru,NA,2021-11-01 01:46:36,-21.4333,15.9333,59.54,24,0,3.06,clear sky
304,Mareeba,AU,2021-11-01 01:46:37,-17.0,145.4333,89.44,53,70,11.74,broken clouds
305,Boa Vista,BR,2021-11-01 01:42:25,2.8197,-60.6733,85.98,66,40,2.3,scattered clouds
306,Stornoway,GB,2021-11-01 01:46:38,58.2093,-6.3865,48.16,87,75,32.21,heavy intensity rain
307,Kudahuvadhoo,MV,2021-11-01 01:46:38,2.6708,72.8944,83.46,74,16,20.8,few clouds
308,Tchibanga,GA,2021-11-01 01:46:39,-2.85,11.0333,71.71,98,100,1.21,light rain
309,Oktyabrskoye,RU,2021-11-01 01:46:39,43.0645,44.7417,39.34,100,100,2.24,mist
310,Beloha,MG,2021-11-01 01:46:40,-25.1667,45.05,69.58,81,47,5.14,scattered clouds
311,Barahona,DO,2021-11-01 01:46:40,18.2085,-71.1008,78.69,79,29,2.84,scattered clouds
312,Tomatlan,MX,2021-11-01 01:46:41,19.9333,-105.25,73.9,88,0,0.78,clear sky
313,Chhatak,BD,2021-11-01 01:47:41,25.0333,91.6667,72.57,64,0,3.42,clear sky
314,Tuktoyaktuk,CA,2021-11-01 01:47:42,69.4541,-133.0374,28.4,80,75,13.8,broken clouds
315,Emerald,AU,2021-11-01 01:47:42,-23.5333,148.1667,78.94,57,40,13.8,scattered clouds
316,Codajas,BR,2021-11-01 01:47:43,-3.8367,-62.0569,73.72,93,98,2.82,light rain
317,Bangui,CF,2021-11-01 01:47:43,4.3612,18.555,73.58,94,100,0.0,overcast clouds
318,Lichinga,MZ,2021-11-01 01:47:44,-13.3128,35.2406,68.09,68,0,11.5,clear sky
319,Provideniya,RU,2021-11-01 01:47:44,64.3833,-173.3,19.51,58,0,13.42,clear sky
320,Kislyakovskaya,RU,2021-11-01 01:47:45,46.4417,39.675,45.52,94,2,10.07,clear sky
321,Puerto Carreno,CO,2021-11-01 01:47:45,6.189,-67.4859,77.2,86,91,4.68,moderate rain
322,Ukiah,US,2021-11-01 01:45:02,39.1502,-123.2078,58.89,83,75,9.22,broken clouds
323,Harper,LR,2021-11-01 01:43:49,4.375,-7.7169,77.27,87,85,8.37,overcast clouds
324,Agadez,NE,2021-11-01 01:47:46,19.75,10.25,74.25,26,43,9.78,scattered clouds
325,Allapalli,IN,2021-11-01 01:47:47,19.4167,80.0667,66.29,69,100,2.08,overcast clouds
326,Nueva Fuerza,PH,2021-11-01 01:47:47,9.8464,124.167,83.8,75,75,11.16,broken clouds
327,Garmsar,IR,2021-11-01 01:47:48,35.2182,52.3409,61.75,49,16,4.5,few clouds
328,Conde,BR,2021-11-01 01:45:33,-7.2597,-34.9075,78.26,78,20,5.75,few clouds
329,Dicabisagan,PH,2021-11-01 01:47:49,17.0818,122.4157,82.26,68,82,8.86,broken clouds
330,Honiara,SB,2021-11-01 01:47:49,-9.4333,159.95,83.46,76,97,4.43,overcast clouds
331,Takanosu,JP,2021-11-01 01:47:50,40.2219,140.3694,59.22,100,75,1.14,broken clouds
332,Curuca,BR,2021-11-01 01:47:50,-0.7289,-47.8481,75.18,95,65,4.38,broken clouds
333,Gambo,CF,2021-11-01 01:47:51,4.6482,22.2633,68.58,99,100,2.21,light rain
334,Portland,US,2021-11-01 01:44:06,45.5234,-122.6762,57.13,45,20,1.99,few clouds
335,Beira,MZ,2021-11-01 01:47:51,-19.8436,34.8389,71.24,82,15,3.15,few clouds
336,Paciran,ID,2021-11-01 01:47:52,-6.8767,112.3761,85.78,63,100,4.07,overcast clouds
337,Ocos,GT,2021-11-01 01:47:53,14.5094,-92.1933,80.31,86,100,10.18,overcast clouds
338,Maniitsoq,GL,2021-11-01 01:47:53,65.4167,-52.9,35.46,99,98,12.21,light rain
339,Sur,OM,2021-11-01 01:47:53,22.5667,59.5289,80.74,56,0,9.19,clear sky
340,Lianran,CN,2021-11-01 01:47:54,24.9227,102.485,59.54,90,100,1.95,overcast clouds
341,Caceres,ES,2021-11-01 01:47:54,39.522,-6.3748,61.81,92,100,16.6,overcast clouds
342,Petrivka,UA,2021-11-01 01:47:55,46.9695,30.9591,39.65,90,4,5.03,clear sky
343,Otradnoye,RU,2021-11-01 01:47:55,59.7775,30.8181,47.55,91,99,6.31,overcast clouds
344,Eldorado,BR,2021-11-01 01:47:56,-23.7869,-54.2836,71.08,89,0,5.01,clear sky
345,Taltal,CL,2021-11-01 01:47:56,-25.4,-70.4833,60.35,84,16,5.19,few clouds
346,Alberdi,AR,2021-11-01 01:47:57,-32.8899,-60.6906,69.04,82,75,4.0,broken clouds
347,Port-Gentil,GA,2021-11-01 01:45:45,-0.7193,8.7815,78.4,86,100,15.01,moderate rain
348,Saint-Augustin,CA,2021-11-01 01:47:57,51.226,-58.6502,44.13,67,100,9.13,overcast clouds
349,Linjiang,CN,2021-11-01 01:47:58,41.8069,126.9078,41.36,90,100,2.28,overcast clouds
350,Tagnanan,PH,2021-11-01 01:47:59,7.2836,125.8422,86.11,68,46,6.2,scattered clouds
351,Vostok,RU,2021-11-01 01:47:59,46.4856,135.8833,41.81,51,6,1.95,clear sky
352,Samarai,PG,2021-11-01 01:48:00,-10.6167,150.6667,83.79,76,100,15.01,overcast clouds
353,Dubti,ET,2021-11-01 01:48:00,11.7361,41.0853,78.31,64,0,6.8,clear sky
354,Jumla,NP,2021-11-01 01:48:01,29.2747,82.1838,47.84,52,0,1.97,clear sky
355,Cururupu,BR,2021-11-01 01:48:01,-1.8283,-44.8683,75.85,93,59,4.23,broken clouds
356,Muros,ES,2021-11-01 01:48:02,42.7762,-9.0603,57.24,94,35,9.71,scattered clouds
357,Vancouver,CA,2021-11-01 01:47:24,49.2497,-123.1193,49.82,76,1,3.0,haze
358,Dargaville,NZ,2021-11-01 01:48:03,-35.9333,173.8833,61.2,62,95,12.39,overcast clouds
359,Hovd,MN,2021-11-01 01:48:03,48.0056,91.6419,34.72,28,3,14.29,clear sky
360,Iqaluit,CA,2021-11-01 01:48:04,63.7506,-68.5145,29.93,86,75,8.99,broken clouds
361,Coahuayana,MX,2021-11-01 01:49:05,18.7333,-103.6833,76.75,83,26,1.77,scattered clouds
362,Hervey Bay,AU,2021-11-01 01:49:05,-25.2986,152.8535,79.03,58,100,16.84,overcast clouds
363,Oriximina,BR,2021-11-01 01:49:05,-1.7656,-55.8661,77.63,80,86,3.56,overcast clouds
364,Naryan-Mar,RU,2021-11-01 01:49:06,67.6713,53.087,8.2,90,5,5.28,clear sky
365,Alto Piquiri,BR,2021-11-01 01:49:06,-24.0281,-53.4406,66.34,90,0,6.13,clear sky
366,Guerrero Negro,MX,2021-11-01 01:49:07,27.9769,-114.0611,64.31,84,0,11.23,clear sky
367,Tromso,NO,2021-11-01 01:49:07,69.6496,18.957,42.82,65,40,13.8,scattered clouds
368,Anloga,GH,2021-11-01 01:49:08,5.7947,0.8973,82.62,81,78,16.6,light rain
369,Tsabong,BW,2021-11-01 01:49:09,-26.0217,22.401,70.88,22,0,9.82,clear sky
370,Erzin,TR,2021-11-01 01:49:09,36.9559,36.2,61.32,68,90,9.19,overcast clouds
371,Lata,PT,2021-11-01 01:49:10,40.1629,-8.3327,62.92,97,100,3.58,overcast clouds
372,Chara,RU,2021-11-01 01:49:10,56.9064,118.2631,25.47,62,18,1.25,few clouds
373,Lebedyn,UA,2021-11-01 01:49:11,50.5852,34.4849,38.75,77,0,6.98,clear sky
374,Ulladulla,AU,2021-11-01 01:49:11,-35.35,150.4667,77.77,45,84,12.95,broken clouds
375,Rawson,AR,2021-11-01 01:49:12,-43.3002,-65.1023,47.43,75,26,12.86,scattered clouds
376,Shelburne,CA,2021-11-01 01:49:12,44.0787,-80.2041,47.57,93,100,19.06,overcast clouds
377,Vestmannaeyjar,IS,2021-11-01 01:49:13,63.4427,-20.2734,38.05,69,16,25.21,few clouds
378,Namibe,AO,2021-11-01 01:49:13,-15.1961,12.1522,63.73,80,20,8.21,few clouds
379,Bilibino,RU,2021-11-01 01:49:14,68.0546,166.4372,-21.01,100,99,1.19,overcast clouds
380,Bolshoy Lug,RU,2021-11-01 01:49:14,52.0779,104.0919,37.58,70,32,8.77,scattered clouds
381,Las Margaritas,MX,2021-11-01 01:49:15,16.3167,-91.9833,59.11,97,100,4.68,overcast clouds
382,Buncrana,IE,2021-11-01 01:49:16,55.1333,-7.45,48.79,93,100,29.35,moderate rain
383,Ivanovka,KG,2021-11-01 01:49:17,42.8878,75.085,30.63,69,73,3.87,broken clouds
384,Saint-Joseph,RE,2021-11-01 01:49:17,-21.3667,55.6167,67.21,82,32,9.57,scattered clouds
385,Pevek,RU,2021-11-01 01:49:17,69.7008,170.3133,2.21,94,100,6.15,light snow
386,Kroya,ID,2021-11-01 01:49:18,-7.6331,109.2461,82.35,77,99,3.8,overcast clouds
387,Moshi,TZ,2021-11-01 01:49:18,-3.35,37.3333,71.37,87,17,2.04,few clouds
388,Ritchie,ZA,2021-11-01 01:49:19,-29.038,24.6028,58.21,30,11,8.77,few clouds
389,Norman Wells,CA,2021-11-01 01:49:19,65.282,-126.8329,19.44,93,75,2.3,broken clouds
390,Itarema,BR,2021-11-01 01:49:20,-2.9248,-39.9167,80.19,78,22,13.15,few clouds
391,Jambi,ID,2021-11-01 01:49:20,-1.6,103.6167,79.0,85,99,3.27,overcast clouds
392,Lusambo,CD,2021-11-01 01:49:21,-4.9667,23.45,69.3,99,100,2.13,light rain
393,Yucca Valley,US,2021-11-01 01:49:22,34.1142,-116.4322,70.32,36,100,3.0,overcast clouds
394,Penzance,GB,2021-11-01 01:49:22,50.1186,-5.5371,52.81,71,54,24.43,broken clouds
395,Rio Grande,BR,2021-11-01 01:46:43,-32.035,-52.0986,70.95,90,7,15.9,clear sky
396,Warrnambool,AU,2021-11-01 01:49:23,-38.3833,142.4833,60.13,69,3,5.08,clear sky
397,Pembroke,CA,2021-11-01 01:49:23,45.8168,-77.1162,48.18,83,5,7.9,clear sky
398,Muskogee,US,2021-11-01 01:49:24,35.5834,-95.3336,55.22,82,1,4.61,clear sky
399,Warmbad,NA,2021-11-01 01:49:24,-28.45,18.7333,54.75,74,6,19.26,clear sky
400,Tulsipur,NP,2021-11-01 01:49:25,28.131,82.2973,56.07,76,12,2.66,few clouds
401,Neropolis,BR,2021-11-01 01:49:25,-16.4064,-49.2186,71.62,91,97,2.17,moderate rain
402,Goya,AR,2021-11-01 01:49:26,-29.14,-59.2626,82.63,43,100,7.2,overcast clouds
403,Bac Lieu,VN,2021-11-01 01:49:26,9.285,105.7244,83.25,76,100,11.41,overcast clouds
404,Waddan,LY,2021-11-01 01:49:27,29.1614,16.139,68.72,33,8,4.43,clear sky
405,Sambava,MG,2021-11-01 01:49:27,-14.2667,50.1667,72.88,91,50,5.3,scattered clouds
406,Dangriga,BZ,2021-11-01 01:49:28,16.9692,-88.2321,80.98,77,88,9.75,overcast clouds
407,Koungou,YT,2021-11-01 01:49:28,-12.7336,45.2042,78.51,78,20,12.66,few clouds
408,Mahina,PF,2021-11-01 01:49:29,-17.5065,-149.489,83.97,61,20,4.61,few clouds
409,Ihosy,MG,2021-11-01 01:50:29,-22.4,46.1167,66.92,86,96,2.15,overcast clouds
410,Lokosovo,RU,2021-11-01 01:50:30,61.1333,74.8167,2.71,94,53,3.96,broken clouds
411,Cherskiy,RU,2021-11-01 01:50:31,68.75,161.3,-0.26,97,100,5.73,overcast clouds
412,Gat,IL,2021-11-01 01:50:31,31.61,34.7642,75.4,40,100,6.51,overcast clouds
413,Isla Mujeres,MX,2021-11-01 01:50:32,21.2311,-86.731,73.17,61,5,8.79,clear sky
414,Narsaq,GL,2021-11-01 01:50:32,60.9167,-46.05,25.75,65,26,7.07,scattered clouds
415,La Ronge,CA,2021-11-01 01:45:36,55.1001,-105.2842,30.45,69,90,6.91,overcast clouds
416,Tuatapere,NZ,2021-11-01 01:50:33,-46.1333,167.6833,55.17,71,98,10.27,overcast clouds
417,Salinas,US,2021-11-01 01:50:34,36.6777,-121.6555,62.46,69,1,6.91,clear sky
418,Cortland,US,2021-11-01 01:50:34,42.6001,-76.083,51.73,79,90,5.75,overcast clouds
419,Batagay-Alyta,RU,2021-11-01 01:50:35,67.8006,130.4114,2.62,85,93,5.08,overcast clouds
420,Hegang,CN,2021-11-01 01:50:35,47.4,130.3667,38.75,22,0,2.66,clear sky
421,Horodnytsya,UA,2021-11-01 01:50:36,50.807,27.3168,37.36,81,0,7.09,clear sky
422,Bela,IN,2021-11-01 01:50:36,25.9333,81.9833,69.26,51,0,1.54,clear sky
423,Kenora,CA,2021-11-01 01:50:37,49.8167,-94.4337,35.58,100,90,8.05,light shower snow
424,Lorengau,PG,2021-11-01 01:50:37,-2.0226,147.2712,81.03,84,100,9.62,overcast clouds
425,Manzanillo,CU,2021-11-01 01:50:38,20.3433,-77.1167,75.56,90,99,7.49,overcast clouds
426,Poum,NC,2021-11-01 01:50:39,-20.2333,164.0167,75.83,71,0,20.42,clear sky
427,Rundu,NA,2021-11-01 01:50:39,-17.9333,19.7667,71.13,54,1,7.65,clear sky
428,Roma,US,2021-11-01 01:50:40,43.2128,-75.4557,54.66,88,90,0.0,overcast clouds
429,Guangyuan,CN,2021-11-01 01:50:40,32.442,105.823,59.49,90,100,1.83,overcast clouds
430,Bo Rai,TH,2021-11-01 01:50:41,12.5728,102.5371,86.11,83,99,3.85,overcast clouds
431,Tayu,ID,2021-11-01 01:50:41,-6.5397,111.0518,86.63,62,79,3.87,broken clouds
432,Young,UY,2021-11-01 01:50:42,-32.6833,-57.6333,67.23,92,94,12.44,overcast clouds
433,Ilulissat,GL,2021-11-01 01:50:42,69.2167,-51.1,30.49,96,100,9.69,light snow
434,Tual,ID,2021-11-01 01:50:43,-5.6667,132.75,84.31,70,86,7.09,overcast clouds
435,Mehamn,NO,2021-11-01 01:50:43,71.0357,27.8492,31.77,85,100,13.35,overcast clouds
436,Japaratuba,BR,2021-11-01 01:49:59,-10.5933,-36.9403,78.08,88,99,5.91,overcast clouds
437,Fort-Shevchenko,KZ,2021-11-01 01:50:44,44.5086,50.263,52.07,55,99,14.27,overcast clouds
438,Berlevag,NO,2021-11-01 01:50:45,70.8578,29.0864,34.38,79,100,17.27,overcast clouds
439,Calamar,CO,2021-11-01 01:50:45,10.2511,-74.9146,76.95,89,100,1.1,overcast clouds
440,Sao Jose Da Coroa Grande,BR,2021-11-01 01:50:46,-8.8978,-35.1478,76.69,83,46,7.47,scattered clouds
441,Kabinda,CD,2021-11-01 01:50:47,-6.1333,24.4833,64.72,93,100,3.2,overcast clouds
442,Olafsvik,IS,2021-11-01 01:50:47,64.8945,-23.7142,34.77,70,24,17.16,few clouds
443,San Luis Rio Colorado,MX,2021-11-01 01:50:48,32.4631,-114.7767,83.17,47,24,11.48,few clouds
444,Okato,NZ,2021-11-01 01:50:48,-39.2,173.8833,60.42,71,63,12.97,broken clouds
445,Bud,US,2021-11-01 01:46:05,39.447,-86.1758,50.25,86,0,7.52,clear sky
446,Kutum,SD,2021-11-01 01:50:49,14.2,24.6667,73.44,23,36,11.25,scattered clouds
447,Karratha,AU,2021-11-01 01:50:49,-20.7377,116.8463,78.94,51,8,12.3,clear sky
448,Fare,PF,2021-11-01 01:50:50,-16.7,-151.0167,79.0,72,87,16.22,overcast clouds
449,Chokwe,MZ,2021-11-01 01:46:02,-24.5333,32.9833,65.25,87,0,1.43,clear sky
450,Santa Vitoria Do Palmar,BR,2021-11-01 01:50:50,-33.5189,-53.3681,63.7,97,79,6.42,broken clouds
451,Peabiru,BR,2021-11-01 01:50:51,-23.9128,-52.3431,70.02,94,1,5.32,clear sky
452,Esperance,AU,2021-11-01 01:50:51,-33.8667,121.9,67.84,55,100,16.64,overcast clouds
453,Clyde,US,2021-11-01 01:50:52,41.3042,-82.9752,53.92,77,84,17.58,broken clouds
454,Margate,GB,2021-11-01 01:51:53,51.3813,1.3862,51.04,78,100,4.0,overcast clouds
455,Yulara,AU,2021-11-01 01:51:53,-25.2406,130.9889,76.84,53,0,8.05,clear sky
456,Bandarbeyla,SO,2021-11-01 01:51:54,9.4942,50.8122,77.58,79,52,10.65,broken clouds
457,Inverell,AU,2021-11-01 01:51:54,-29.7833,151.1167,77.67,51,99,1.99,overcast clouds
458,Bograd,RU,2021-11-01 01:51:55,54.2344,90.8328,35.35,55,100,20.56,overcast clouds
459,West Bay,KY,2021-11-01 01:51:55,19.3667,-81.4167,82.47,72,75,3.0,broken clouds
460,Mabama,TZ,2021-11-01 01:51:56,-5.1333,32.5333,66.45,80,99,2.98,overcast clouds
461,Solhan,TR,2021-11-01 01:51:56,38.9634,41.0293,49.42,82,100,2.59,overcast clouds
462,Jaisalmer,IN,2021-11-01 01:51:57,26.9147,70.9181,71.96,36,0,11.74,clear sky
463,Porto Murtinho,BR,2021-11-01 01:51:57,-21.6989,-57.8825,76.28,70,20,4.36,few clouds
464,Eminabad,PK,2021-11-01 01:51:58,32.0422,74.2594,62.71,56,2,6.35,clear sky
465,Sabzevar,IR,2021-11-01 01:51:58,36.2126,57.6819,52.27,41,21,7.72,few clouds
466,Tateyama,JP,2021-11-01 01:51:59,34.9833,139.8667,70.11,83,99,11.12,overcast clouds
467,Shatsk,RU,2021-11-01 01:51:59,54.0258,41.7119,38.95,84,6,7.81,clear sky
468,Kysyl-Syr,RU,2021-11-01 01:52:00,63.8986,122.7617,13.23,89,100,4.83,overcast clouds
469,Champerico,GT,2021-11-01 01:52:00,14.3,-91.9167,80.35,83,100,5.23,overcast clouds
470,Jos,NG,2021-11-01 01:52:01,9.9167,8.9,65.64,33,100,1.48,overcast clouds
471,Marsa Matruh,EG,2021-11-01 01:52:01,31.3525,27.2453,66.4,59,0,9.22,clear sky
472,Sangar,RU,2021-11-01 01:52:02,63.9242,127.4739,7.81,91,99,6.71,overcast clouds
473,Filingue,NE,2021-11-01 01:52:02,14.3521,3.3168,84.31,16,100,6.69,overcast clouds
474,Beaverlodge,CA,2021-11-01 01:52:03,55.2166,-119.4361,25.95,49,0,3.85,clear sky
475,Havre,FR,2021-11-01 01:52:04,49.5833,0.3333,51.57,76,90,21.85,overcast clouds
476,Esfarayen,IR,2021-11-01 01:52:04,37.0765,57.5101,38.86,51,35,3.38,scattered clouds
477,Shestakovo,RU,2021-11-01 01:52:05,56.4915,103.96,31.06,82,100,3.36,overcast clouds
478,Botwood,CA,2021-11-01 01:52:05,49.1499,-55.3482,42.31,96,100,5.19,overcast clouds
479,Bambous Virieux,MU,2021-11-01 01:52:06,-20.3428,57.7575,70.21,88,40,3.44,scattered clouds
480,Estelle,US,2021-11-01 01:52:06,29.8458,-90.1067,67.98,73,1,4.61,clear sky
481,Hirara,JP,2021-11-01 01:52:07,24.8,125.2833,80.87,61,20,10.36,few clouds
482,Mount Gambier,AU,2021-11-01 01:52:07,-37.8333,140.7667,66.11,45,4,3.44,clear sky
483,Dudinka,RU,2021-11-01 01:52:08,69.4058,86.1778,-10.95,100,95,5.46,overcast clouds
484,Morondava,MG,2021-11-01 01:52:09,-20.2833,44.2833,69.87,86,45,7.54,scattered clouds
485,Saint-Pierre,RE,2021-11-01 01:48:32,-21.3393,55.4781,68.29,73,0,4.61,clear sky
486,Tautira,PF,2021-11-01 01:52:09,-17.7333,-149.15,84.22,75,49,14.56,scattered clouds
487,Agbor,NG,2021-11-01 01:52:10,6.2518,6.1934,73.31,99,80,3.42,broken clouds
488,Tambopata,PE,2021-11-01 01:52:10,-12.7333,-69.1833,78.69,78,0,3.44,clear sky
489,Hollister,US,2021-11-01 01:52:11,36.8525,-121.4016,61.75,67,1,0.0,clear sky
490,Weston,US,2021-11-01 01:52:12,26.1004,-80.3998,79.02,75,90,1.01,overcast clouds
491,Lynchburg,US,2021-11-01 01:52:12,37.4138,-79.1423,55.92,81,4,4.99,clear sky
492,Serebryansk,KZ,2021-11-01 01:52:13,49.6925,83.2892,29.75,92,100,2.91,overcast clouds
493,Diamantino,BR,2021-11-01 01:48:51,-14.4086,-56.4461,73.35,92,98,1.79,moderate rain
494,Morgan City,US,2021-11-01 01:52:13,29.6994,-91.2068,63.0,74,0,0.92,clear sky
495,Hearst,CA,2021-11-01 01:52:14,49.6835,-83.6665,34.05,90,100,11.1,overcast clouds
496,Teguldet,RU,2021-11-01 01:52:14,57.3064,88.1667,18.77,81,100,10.16,overcast clouds
497,Ust-Kuyga,RU,2021-11-01 01:52:15,70.0167,135.6,2.88,82,100,6.33,overcast clouds
498,Sandnessjoen,NO,2021-11-01 01:52:15,66.0217,12.6316,46.38,85,14,18.43,few clouds
499,San Ciro De Acosta,MX,2021-11-01 01:52:16,21.6333,-99.8167,64.78,92,100,4.27,overcast clouds
500,Moratuwa,LK,2021-11-01 01:52:16,6.773,79.8816,77.02,87,100,11.77,overcast clouds
501,Batabano,CU,2021-11-01 01:53:17,22.7164,-82.2881,70.41,74,74,8.37,broken clouds
502,Baykit,RU,2021-11-01 01:53:18,61.67,96.37,20.48,95,100,3.65,light snow
503,Bambanglipuro,ID,2021-11-01 01:53:18,-7.95,110.2833,80.26,81,100,4.12,moderate rain
504,Veraval,IN,2021-11-01 01:53:19,20.9,70.3667,74.5,41,12,8.84,few clouds
505,Kavaratti,IN,2021-11-01 01:53:19,10.5669,72.642,81.21,79,88,7.0,overcast clouds
506,Calama,CL,2021-11-01 01:53:20,-22.4667,-68.9333,53.98,32,0,4.0,clear sky
507,Ayagoz,KZ,2021-11-01 01:53:20,47.9714,80.4392,34.11,93,100,7.7,overcast clouds
508,Pangai,TO,2021-11-01 01:53:21,-19.8,-174.35,80.71,61,20,11.5,few clouds
509,Tocopilla,CL,2021-11-01 01:53:21,-22.092,-70.1979,65.3,68,0,4.85,clear sky
510,Watford,GB,2021-11-01 01:53:22,51.6553,-0.396,50.11,81,29,3.0,scattered clouds
511,Verkhoyansk,RU,2021-11-01 01:53:22,67.5447,133.385,6.1,84,100,5.77,overcast clouds
512,Poso,ID,2021-11-01 01:53:23,-1.3959,120.7524,87.08,61,21,3.29,few clouds
513,Salym,RU,2021-11-01 01:53:23,60.0625,71.4789,15.35,86,100,4.81,overcast clouds
514,Powell,US,2021-11-01 01:53:24,40.1578,-83.0752,55.69,73,90,1.01,overcast clouds
515,Evensk,RU,2021-11-01 01:53:24,61.95,159.2333,3.76,74,27,7.96,scattered clouds
516,Dingle,PH,2021-11-01 01:53:25,10.9995,122.6711,83.3,77,80,15.14,broken clouds
517,Whitianga,NZ,2021-11-01 01:53:25,-36.8333,175.7,64.22,57,83,5.06,broken clouds
518,Kasongo-Lunda,CD,2021-11-01 01:53:26,-6.4667,16.8167,69.46,99,100,1.81,light rain
519,Chiang Klang,TH,2021-11-01 01:53:26,19.2938,100.8617,76.33,93,87,0.38,overcast clouds
520,Taoudenni,ML,2021-11-01 01:53:27,22.6783,-3.9836,78.21,20,0,11.39,clear sky
521,Cabedelo,BR,2021-11-01 01:53:28,-6.9811,-34.8339,79.47,79,60,11.88,broken clouds
522,Aksarka,RU,2021-11-01 01:53:28,66.5606,67.7975,-0.71,89,85,3.04,overcast clouds
523,Makakilo City,US,2021-11-01 01:53:29,21.3469,-158.0858,82.15,65,20,9.22,few clouds
524,Minot,US,2021-11-01 01:53:29,48.2325,-101.2963,37.62,48,90,9.22,overcast clouds
525,Pangody,RU,2021-11-01 01:53:30,65.85,74.4859,-2.54,100,80,5.7,broken clouds
526,Tubuala,PA,2021-11-01 01:53:30,9.5167,-79.0333,78.33,88,99,8.12,overcast clouds
527,Oranjemund,NA,2021-11-01 01:53:31,-28.55,16.4333,61.54,73,100,9.89,overcast clouds
528,Ahipara,NZ,2021-11-01 01:53:31,-35.1667,173.1667,61.72,60,59,13.33,broken clouds
529,Husavik,IS,2021-11-01 01:53:32,66.0449,-17.3389,33.71,99,100,19.39,moderate rain
530,Fort Nelson,CA,2021-11-01 01:53:32,58.8053,-122.7002,24.39,74,20,3.44,few clouds
531,Tutoia,BR,2021-11-01 01:53:33,-2.7619,-42.2744,78.49,87,100,11.61,overcast clouds
532,Edea,CM,2021-11-01 01:53:33,3.8,10.1333,73.65,99,99,0.89,light rain
533,Koumac,NC,2021-11-01 01:53:34,-20.5667,164.2833,78.4,62,0,13.56,clear sky
534,Marsabit,KE,2021-11-01 01:53:34,2.3284,37.9899,67.98,54,10,13.85,clear sky
535,Benghazi,LY,2021-11-01 01:53:35,32.1167,20.0667,68.79,70,100,5.28,overcast clouds
536,Sakakah,SA,2021-11-01 01:53:35,29.9697,40.2064,71.17,32,100,9.31,overcast clouds
537,Manzhouli,CN,2021-11-01 01:53:36,49.6,117.4333,34.02,38,10,10.04,clear sky
538,Uruzgan,AF,2021-11-01 01:53:36,32.8333,66.0,43.36,55,0,8.1,clear sky
539,Pacific Grove,US,2021-11-01 01:53:37,36.6177,-121.9166,61.45,80,1,1.99,clear sky
540,Karpathos,GR,2021-11-01 01:53:37,35.507,27.2132,62.56,88,100,16.11,light rain
541,Maridi,SS,2021-11-01 01:53:38,4.9158,29.4742,67.28,86,100,1.7,overcast clouds
542,Elizabeth City,US,2021-11-01 01:53:39,36.2946,-76.2511,63.99,81,1,1.01,clear sky
543,Ambulu,ID,2021-11-01 01:53:39,-8.345,113.6058,81.39,79,100,0.74,overcast clouds
544,Pedernales,DO,2021-11-01 01:53:40,18.0384,-71.744,79.66,75,1,3.36,clear sky
545,Hokitika,NZ,2021-11-01 01:53:40,-42.7167,170.9667,56.61,68,88,7.7,overcast clouds
546,Carutapera,BR,2021-11-01 01:53:41,-1.195,-46.02,77.72,88,87,7.05,overcast clouds
547,Santa Marinella,IT,2021-11-01 01:53:42,42.0345,11.8536,63.88,94,95,17.78,overcast clouds
548,Tuy Hoa,VN,2021-11-01 01:54:42,13.0833,109.3,80.64,83,95,8.34,overcast clouds
549,Lewistown,US,2021-11-01 01:54:42,40.5992,-77.5714,56.61,71,1,10.36,clear sky
550,Sioux Lookout,CA,2021-11-01 01:54:43,50.1001,-91.917,33.87,93,90,8.05,light shower snow
551,Khetri,IN,2021-11-01 01:54:43,27.9833,75.8,68.05,34,0,5.46,clear sky
552,Roebourne,AU,2021-11-01 01:54:44,-20.7833,117.1333,79.72,49,0,11.77,clear sky
553,Nhulunbuy,AU,2021-11-01 01:54:45,-12.2333,136.7667,93.81,59,40,12.66,scattered clouds
554,Sharjah,AE,2021-11-01 01:54:46,25.3573,55.4033,78.78,69,0,4.61,clear sky
555,Porto Novo,BJ,2021-11-01 01:54:46,6.4965,2.6036,76.82,86,93,9.42,overcast clouds
556,Mitchell,US,2021-11-01 01:53:47,43.7094,-98.0298,32.11,69,1,1.99,clear sky
557,Hobyo,SO,2021-11-01 01:54:47,5.3505,48.5268,79.77,71,5,12.03,clear sky
558,Yurginskoye,RU,2021-11-01 01:54:48,56.8189,67.3921,36.1,99,100,9.71,overcast clouds
559,Kampong Thum,KH,2021-11-01 01:54:49,12.7111,104.8887,81.1,77,92,7.25,overcast clouds
560,San Clemente,US,2021-11-01 01:54:49,33.427,-117.612,67.17,83,89,1.01,overcast clouds
561,Ossora,RU,2021-11-01 01:53:26,59.2353,163.0719,11.35,79,12,11.1,few clouds
562,Quang Ngai,VN,2021-11-01 01:54:50,15.1167,108.8,81.01,80,21,2.91,few clouds
563,Davila,PH,2021-11-01 01:54:51,18.4726,120.5763,85.98,62,5,12.35,clear sky
564,Fort Madison,US,2021-11-01 01:54:52,40.6298,-91.3151,44.38,65,0,4.61,clear sky
565,Maliq,AL,2021-11-01 01:54:52,40.7058,20.6997,40.84,84,1,2.95,clear sky
566,Shibetsu,JP,2021-11-01 01:54:53,43.659,145.132,52.5,66,75,5.75,broken clouds
567,Shihezi,CN,2021-11-01 01:54:53,44.3,86.0333,44.96,64,99,4.5,overcast clouds
568,Bilma,NE,2021-11-01 01:54:54,18.6853,12.9164,76.48,23,6,13.94,clear sky
569,Joensuu,FI,2021-11-01 01:54:54,62.6012,29.7632,46.89,93,90,5.75,overcast clouds
570,Jacareacanga,BR,2021-11-01 01:54:55,-6.2222,-57.7528,74.55,89,77,2.37,broken clouds
571,Tilichiki,RU,2021-11-01 01:54:56,60.4667,166.1,-1.46,90,11,11.41,few clouds
572,Terney,RU,2021-11-01 01:54:56,45.0503,136.6092,45.79,80,100,6.8,overcast clouds
573,Iracoubo,GF,2021-11-01 01:54:56,5.4802,-53.2011,79.11,82,83,8.77,broken clouds
574,Doembang Nangbuat,TH,2021-11-01 01:54:57,14.8333,100.1,85.06,85,97,6.6,overcast clouds
575,Alenquer,BR,2021-11-01 01:54:58,-1.9417,-54.7383,82.74,76,67,2.26,broken clouds
576,Hays,US,2021-11-01 01:54:58,30.0502,-98.0336,70.68,71,0,6.89,clear sky
577,Dharmavaram,IN,2021-11-01 01:54:59,14.4333,77.7167,74.53,84,85,4.61,overcast clouds
578,Northam,GB,2021-11-01 01:54:59,51.0333,-4.2167,52.66,72,67,22.84,broken clouds
579,Nishihara,JP,2021-11-01 01:55:00,26.1842,127.7558,79.88,66,20,17.27,few clouds
580,Tam Ky,VN,2021-11-01 01:53:54,15.5667,108.4833,78.78,81,49,1.23,scattered clouds
581,Paamiut,GL,2021-11-01 01:55:01,61.994,-49.6678,31.39,71,94,7.18,overcast clouds
582,Velikodvorskiy,RU,2021-11-01 01:55:01,55.25,40.6678,37.9,88,8,7.09,clear sky
583,Tukrah,LY,2021-11-01 01:55:02,32.5341,20.5791,65.93,74,100,3.65,overcast clouds
584,Trairi,BR,2021-11-01 01:50:48,-3.2778,-39.2689,79.79,79,51,10.47,broken clouds
585,Mikkeli,FI,2021-11-01 01:55:03,61.6886,27.2723,44.71,93,20,4.61,few clouds
586,Boli,CN,2021-11-01 01:55:04,45.7667,130.5167,42.3,51,29,3.89,scattered clouds
587,Pozo Colorado,PY,2021-11-01 01:55:05,-23.4923,-58.7972,74.25,74,1,4.45,clear sky
588,Santa Isabel,BR,2021-11-01 01:55:05,-23.3156,-46.2214,67.66,99,100,2.33,overcast clouds
589,Bama,NG,2021-11-01 01:55:06,11.5221,13.6856,76.12,41,100,0.63,overcast clouds
590,Zhezkazgan,KZ,2021-11-01 01:55:06,47.8043,67.7144,43.68,70,100,13.13,overcast clouds
591,Rabo De Peixe,PT,2021-11-01 01:55:07,37.8,-25.5833,72.28,93,75,10.36,broken clouds
592,Tayoltita,MX,2021-11-01 01:55:07,24.0833,-105.9333,63.54,92,0,3.53,clear sky
593,Mountain Home,US,2021-11-01 01:56:08,43.133,-115.6912,51.28,93,20,0.0,few clouds
594,Palmer,US,2021-11-01 01:56:08,42.1584,-72.3287,56.28,78,74,7.18,broken clouds
595,Half Moon Bay,US,2021-11-01 01:52:17,37.4636,-122.4286,62.71,79,1,6.91,clear sky
596,Ixtapa,MX,2021-11-01 01:56:09,20.7,-105.2,74.35,92,4,1.39,clear sky
597,Krutinka,RU,2021-11-01 01:56:10,56.0055,71.5113,27.66,96,100,13.18,light snow
598,Sideropolis,BR,2021-11-01 01:56:11,-28.5978,-49.4244,63.03,99,32,3.18,scattered clouds
599,Amboasary,MG,2021-11-01 01:56:11,-25.0333,46.3833,71.44,90,78,3.89,broken clouds
600,Sisimiut,GL,2021-11-01 01:56:12,66.9395,-53.6735,35.33,93,97,23.6,light rain
601,Haines Junction,CA,2021-11-01 01:56:12,60.7522,-137.5108,37.35,48,99,4.61,overcast clouds
602,Zletovo,MK,2021-11-01 01:56:13,41.9886,22.2361,32.88,84,2,3.24,clear sky
603,Dalby,AU,2021-11-01 01:56:13,-27.1833,151.2667,70.5,34,58,12.77,broken clouds
604,Kurilsk,RU,2021-11-01 01:56:14,45.2333,147.8833,41.45,90,100,15.52,overcast clouds
605,Buritis,BR,2021-11-01 01:56:14,-15.6178,-46.4233,74.05,73,100,1.39,overcast clouds
606,Delta,NG,2021-11-01 01:53:21,5.5,6.0,74.75,97,70,3.74,broken clouds
607,Minab,IR,2021-11-01 01:56:15,27.1467,57.0801,69.3,24,0,5.28,clear sky
608,Staryy Nadym,RU,2021-11-01 01:56:15,65.6118,72.6842,3.78,96,92,4.63,overcast clouds
609,Poykovskiy,RU,2021-11-01 01:56:16,61.2333,73.3333,-1.91,84,0,0.0,clear sky
610,Almaznyy,RU,2021-11-01 01:56:16,48.0448,40.045,46.54,95,0,7.63,clear sky
611,Sanmenxia,CN,2021-11-01 01:56:17,34.7747,111.1814,57.36,59,100,12.01,overcast clouds
612,Birao,CF,2021-11-01 01:56:18,10.2849,22.7882,75.29,40,83,4.12,broken clouds
613,Luoyang,CN,2021-11-01 01:56:18,34.6836,112.4536,57.72,64,100,10.76,light rain
614,Scottsboro,US,2021-11-01 01:51:48,34.6723,-86.0341,55.27,100,75,0.0,broken clouds
615,Cam Ranh,VN,2021-11-01 01:56:19,11.9214,109.1591,80.56,78,20,5.75,few clouds
616,Safranbolu,TR,2021-11-01 01:56:20,41.2508,32.6942,50.72,76,100,2.91,overcast clouds
617,Miramar,US,2021-11-01 01:54:28,25.9873,-80.2323,78.03,75,100,7.2,overcast clouds
618,Kulachi,PK,2021-11-01 01:56:20,31.9286,70.4592,66.58,25,0,4.36,clear sky
619,Channel-Port Aux Basques,CA,2021-11-01 01:56:21,47.5702,-59.1367,50.22,94,100,27.98,moderate rain
620,Maraa,BR,2021-11-01 01:56:21,-1.8333,-65.3667,76.55,83,49,0.27,scattered clouds
621,Broken Hill,AU,2021-11-01 01:56:22,-31.95,141.4333,78.51,11,39,8.05,scattered clouds
622,North Bend,US,2021-11-01 01:56:22,43.4065,-124.2243,55.94,100,35,3.76,scattered clouds
623,Goderich,CA,2021-11-01 01:56:23,43.7501,-81.7165,50.32,71,98,20.71,overcast clouds
624,Araguacu,BR,2021-11-01 01:56:23,-12.9306,-49.8264,74.37,85,100,5.61,overcast clouds
625,Bereznik,RU,2021-11-01 01:56:24,62.8551,42.7072,39.15,97,100,2.91,light rain
626,Gebre Guracha,ET,2021-11-01 01:56:24,9.8,38.4,48.25,82,4,5.93,clear sky
627,Moranbah,AU,2021-11-01 01:56:25,-22.0016,148.0466,83.95,48,79,19.98,broken clouds
628,Udaipur,IN,2021-11-01 01:56:25,24.5712,73.6918,52.7,40,0,1.57,clear sky
629,Yar-Sale,RU,2021-11-01 01:56:26,66.8333,70.8333,7.29,96,100,3.49,overcast clouds
630,Shimoda,JP,2021-11-01 01:56:26,34.6667,138.95,66.56,70,100,8.52,overcast clouds
631,Amahai,ID,2021-11-01 01:56:27,-3.3333,128.9167,85.06,67,96,2.66,overcast clouds
632,Usinsk,RU,2021-11-01 01:56:27,65.9939,57.5281,3.16,79,1,12.39,clear sky
633,Port Said,EG,2021-11-01 01:56:28,31.2565,32.2841,75.18,88,0,4.61,clear sky
634,Bani,DO,2021-11-01 01:56:29,18.2833,-70.3333,76.3,78,6,4.97,clear sky
635,Riberalta,BO,2021-11-01 01:56:29,-10.9833,-66.1,79.48,66,74,4.14,broken clouds
636,Spornoye,RU,2021-11-01 01:56:30,50.8448,37.2913,35.62,73,0,5.66,clear sky
637,Quatre Cocos,MU,2021-11-01 01:56:30,-20.2078,57.7625,70.09,78,14,8.5,few clouds
638,Gimli,CA,2021-11-01 01:56:31,50.6336,-96.9907,35.62,87,89,11.5,overcast clouds
639,Luwuk,ID,2021-11-01 01:56:31,-0.9516,122.7875,86.52,66,19,2.91,few clouds
640,Fort Saint James,CA,2021-11-01 01:56:32,54.4333,-124.25,28.54,61,6,1.81,clear sky
641,Urumqi,CN,2021-11-01 01:57:32,43.801,87.6005,38.35,75,0,4.47,clear sky
642,Severnyy,RU,2021-11-01 01:53:25,50.677,36.5532,35.64,87,0,0.0,clear sky
643,Vallenar,CL,2021-11-01 01:57:33,-28.5708,-70.7581,61.83,62,97,1.68,overcast clouds
644,Vangaindrano,MG,2021-11-01 01:57:33,-23.35,47.6,71.13,94,100,6.08,moderate rain
645,Dakar,SN,2021-11-01 01:57:34,14.6937,-17.4441,79.68,76,99,15.77,overcast clouds
646,Kaeo,NZ,2021-11-01 01:57:34,-35.1,173.7833,68.32,58,88,4.85,overcast clouds
647,Isiro,CD,2021-11-01 01:57:35,2.7739,27.616,66.97,100,100,3.0,light rain
648,Pointe-Noire,CG,2021-11-01 01:57:35,-4.7761,11.8635,77.07,94,90,8.05,moderate rain
649,Bairiki,KI,2021-11-01 01:57:36,1.3292,172.9752,87.8,62,40,11.5,scattered clouds
650,Vanavara,RU,2021-11-01 01:57:36,60.34,102.2797,24.48,91,100,5.57,light snow
651,Mahanoro,MG,2021-11-01 01:57:37,-19.9,48.8,71.2,93,50,5.82,light rain
652,Kuching,MY,2021-11-01 01:57:38,1.55,110.3333,84.42,84,20,4.61,few clouds
653,Pedro Betancourt,CU,2021-11-01 01:57:38,22.7272,-81.29,74.5,71,100,6.91,overcast clouds
654,Spring Hill,US,2021-11-01 01:57:39,28.4769,-82.5255,68.99,77,0,1.99,clear sky
655,Daru,PG,2021-11-01 01:57:39,-9.0763,143.2092,82.11,85,100,15.39,overcast clouds
656,Konce,MK,2021-11-01 01:57:40,41.4958,22.385,41.59,88,0,3.04,clear sky
657,Ganzhou,CN,2021-11-01 01:57:40,28.8184,115.4327,63.48,65,100,0.47,overcast clouds
658,Kazachinskoye,RU,2021-11-01 01:57:41,57.6953,93.2761,27.36,83,100,13.29,light snow
659,Chulym,RU,2021-11-01 01:57:41,55.0997,80.9572,20.61,93,100,8.5,overcast clouds
660,Campos,BR,2021-11-01 01:57:42,-21.75,-41.3,69.49,96,100,12.66,overcast clouds
661,Basco,PH,2021-11-01 01:57:42,20.4487,121.9702,80.89,69,86,20.11,overcast clouds
662,Okhotsk,RU,2021-11-01 01:57:04,59.3833,143.3,12.06,62,18,14.27,few clouds
663,Alamogordo,US,2021-11-01 01:57:43,32.8995,-105.9603,67.21,34,1,10.36,clear sky
664,Villarrica,PY,2021-11-01 01:57:43,-25.75,-56.4333,71.4,82,8,2.19,clear sky
665,Craig,US,2021-11-01 01:54:37,40.5153,-107.5464,46.38,62,100,1.72,overcast clouds
666,Chester,US,2021-11-01 01:57:44,40.1254,-75.8749,55.51,82,1,3.0,clear sky
667,Sivas,TR,2021-11-01 01:57:45,39.7916,37.0019,44.67,92,97,5.82,overcast clouds
668,Charlottesville,US,2021-11-01 01:53:39,38.0293,-78.4767,56.28,85,0,5.01,clear sky
669,Kanniyakumari,IN,2021-11-01 01:57:46,8.0833,77.5667,78.48,83,100,2.89,heavy intensity rain
670,Kargasok,RU,2021-11-01 01:57:46,59.0556,80.8572,11.14,88,100,8.21,overcast clouds
671,Sandusky,US,2021-11-01 01:57:46,41.3501,-83.1332,53.64,77,68,7.0,broken clouds
672,Hohoe,GH,2021-11-01 01:57:47,7.1518,0.4736,73.38,94,39,4.47,scattered clouds
673,Ouesso,CG,2021-11-01 01:57:47,1.6136,16.0517,70.36,99,100,2.26,light rain
674,Chaozhou,CN,2021-11-01 01:57:48,23.6651,116.6379,75.06,59,22,2.8,few clouds
675,Dahuk,IQ,2021-11-01 01:57:48,36.8695,42.994,63.79,64,100,7.99,overcast clouds
676,Temyasovo,RU,2021-11-01 01:57:49,52.9933,58.1014,43.16,94,100,13.98,overcast clouds
677,Rancho Palos Verdes,US,2021-11-01 01:57:50,33.7445,-118.387,65.52,86,100,3.0,overcast clouds
678,Nandyal,IN,2021-11-01 01:57:50,15.4833,78.4833,75.9,84,99,3.04,overcast clouds
679,Whyalla,AU,2021-11-01 01:57:51,-33.0333,137.5833,76.89,20,55,10.36,broken clouds
680,Tsaratanana,MG,2021-11-01 01:57:51,-16.7833,47.65,70.86,67,0,1.77,clear sky
681,Vao,NC,2021-11-01 01:57:52,-22.6667,167.4833,71.98,77,29,16.11,scattered clouds
682,Rincon,US,2021-11-01 01:57:52,32.296,-81.2354,62.85,93,0,3.71,clear sky
683,Puerto Palomas,MX,2021-11-01 01:57:53,31.7667,-107.6167,68.65,22,0,8.28,clear sky
684,Lae,PG,2021-11-01 01:57:53,-6.7221,146.9847,85.44,66,98,7.36,light rain
685,Tallahassee,US,2021-11-01 01:57:54,30.4383,-84.2807,57.92,94,0,3.22,clear sky
686,Roald,NO,2021-11-01 01:58:55,62.5833,6.1333,51.94,50,90,13.8,overcast clouds
687,Rio Cuarto,AR,2021-11-01 01:57:17,-33.1307,-64.3499,43.83,91,100,7.83,light rain
688,Sayyan,YE,2021-11-01 01:58:56,15.1718,44.3244,49.32,62,3,5.14,clear sky
689,Cadolzburg,DE,2021-11-01 01:54:36,49.4573,10.8533,52.43,80,0,5.75,clear sky
690,Emilio Carranza,MX,2021-11-01 01:58:56,19.9711,-96.6114,76.44,77,83,9.44,broken clouds
691,Seoul,KR,2021-11-01 01:58:12,37.5683,126.9778,59.76,82,20,2.3,mist
692,Pingliang,CN,2021-11-01 01:58:57,35.5392,106.6861,47.1,80,100,6.44,light rain
693,Port Hardy,CA,2021-11-01 01:58:58,50.6996,-127.4199,51.8,57,1,10.36,clear sky
694,Cockburn Town,TC,2021-11-01 01:58:58,21.4612,-71.1419,82.06,68,100,8.32,overcast clouds
695,Smithers,CA,2021-11-01 01:58:59,54.7804,-127.1743,35.92,60,1,6.91,clear sky
696,Pampa,US,2021-11-01 01:58:59,35.5362,-100.9599,50.58,57,1,8.05,clear sky
697,Henties Bay,NA,2021-11-01 01:59:00,-22.116,14.2845,59.86,92,0,6.51,clear sky
698,Taihe,CN,2021-11-01 01:59:00,30.8712,105.3845,61.65,75,99,3.87,overcast clouds
699,Hinton,CA,2021-11-01 01:59:01,53.4001,-117.5857,25.11,44,0,2.95,clear sky
700,Pangnirtung,CA,2021-11-01 01:59:01,66.1451,-65.7125,27.84,96,100,4.63,snow
701,Ariquemes,BR,2021-11-01 01:59:02,-9.9133,-63.0408,74.35,89,72,2.06,heavy intensity rain
702,Burgos,ES,2021-11-01 01:59:03,42.3394,-3.7079,50.41,100,90,13.8,overcast clouds
703,Byron Bay,AU,2021-11-01 01:58:00,-28.65,153.6167,75.15,50,100,6.93,overcast clouds
704,Meulaboh,ID,2021-11-01 01:59:03,4.1363,96.1285,79.21,80,100,3.94,overcast clouds
705,Belogorsk,RU,2021-11-01 01:59:04,50.9158,128.4611,34.95,27,42,9.42,scattered clouds
706,Saint Anthony,US,2021-11-01 01:59:05,45.0205,-93.218,41.94,62,75,1.01,broken clouds
707,Moerai,PF,2021-11-01 01:59:05,-22.4333,-151.3333,74.05,71,99,20.0,overcast clouds
